[
    {
        "id": "HBFV",
        "protocol": 
            {
                "protocolName":"HTTP",
                "parameters": [{
                    "name": "URI",
                    "value": "/mass.com"
                },
                {
                    "name": "URL",
                    "value": "www./mass.com"
                }
                ]      
            },
        "keywords" : ["ev3","reculer","back","robot","mouvement"],
        "params": {
            "param" : [
                {
                    "idp": "rotationHBFV",
                    "desc": "fvvvv",
                    "type": "integer"
                },
                {
                    "idp": "vitesseHBFV",
                    "desc": "fvvvv",
                    "type": "integer"
                },
                {
                    "idp": "nouveauRotationHBFV",
                    "desc": "fvvvv",
                    "type": "integer"
                }
            ]
        }
    },
    {
        "id" : "ev3Back",
        "protocol": {
            "protocolName" : "HTTP",
            "parameters": [{
                        "name": "URI",
                        "value": "/EV3333.com"
                    },
                    {
                        "name": "URL",
                        "value": "www./ev3.com"
                    }
                    ]      
        },
        "keywords" : ["ev3","reculer","back","robot","mouvement"],
        "params": {
            "param" : [
                {
                    "idp": "rotationev3Back",
                    "desc": "fvvvv",
                    "type": "integer"
                },
                {
                    "idp": "vitesseev3Back",
                    "desc": "fvvvv",
                    "type": "integer"
                },
                {
                    "idp": "nouveauRotationev3Back",
                    "desc": "fvvvv",
                    "type": "integer"
                }
            ]
        }
    },
    {
        "id": "HORUS",
        "protocol": 
            {
                "protocolName":"USB",
                "parameters": [{
                    "name": "URI",
                    "value": "/mass2DINGUE.com"
                }
                ]      
            },
        "keywords" : ["ev3","reculer","back","robot","mouvement"],
        "params": {
            "param" : [
                {
                    "idp": "rotationHORUS",
                    "desc": "fvvvv",
                    "type": "integer"
                },
                {
                    "idp": "vitesseHORUS",
                    "desc": "fvvvv",
                    "type": "integer"
                },
                {
                    "idp": "nouveauRotationHORUS",
                    "desc": "fvvvv",
                    "type": "integer"
                }
            ]
        }
    },
    {
        "id": "shoot",
        "protocol": 
            {
                "protocolName":"USB",
                "parameters": [{
                    "name": "URI",
                    "value": "/mass2DINGUE.com"
                }
                ]      
            },
        "keywords" : ["ev3","reculer","back","robot","mouvement"],
        "params": {
            "param" : [
                {
                    "idp": "rotationShoot",
                    "desc": "fvvvv",
                    "type": "integer"
                },
                {
                    "idp": "vitesseShoot",
                    "desc": "fvvvv",
                    "type": "integer"
                },
                {
                    "idp": "nouveauRotationShoot",
                    "desc": "fvvvv",
                    "type": "integer"
                }
            ]
        }
    }
]
    
