[
    {
        "protocolName": "HTTP",
        "parameters": [
            {
                "name": "URL",
                "value": ""
            },
            {
                "name": "URI",
                "value": ""
            }
        ]
    },
    {
        "protocolName": "Wifi",
        "parameters": [{
                "name": "URI",
                "value": ""
            },
            {
                "name": "Mac Adress",
                "value": ""
            },
            {
                "name": "Code",
                "value": ""
            }
        ]
    },
    {
        "protocolName": "Bluetooth",
        "parameters": [
            {
                "name": "URI",
                "value": ""
            },
            {
                "name": "Device name",
                "value": ""
            }
        ]
    },
        {
        "protocolName": "USB",
        "parameters": [
            {
                "name": "URI",
                "value": ""
            }
        ]
    }
]